strategy,stop_loss,stop_kind,period,return_pct,max_dd_pct,sharpe,pf,win_rate_pct,trades,stop_exits
1_EMA_Cross_12_26,sin_SL,none,bull_2016_2017,1734.73,-28.78,2.96,2.97,39.35,277,0
1_EMA_Cross_12_26,fixed_3pct,fixed_pct,bull_2016_2017,-100.54,-100.48,0.61,1.44,37.67,292,36
1_EMA_Cross_12_26,fixed_5pct,fixed_pct,bull_2016_2017,-100.66,-100.58,0.72,1.52,38.25,285,18
1_EMA_Cross_12_26,fixed_8pct,fixed_pct,bull_2016_2017,-100.85,-100.69,0.85,1.63,38.57,280,9
1_EMA_Cross_12_26,fixed_10pct,fixed_pct,bull_2016_2017,-101.17,-100.9,1.03,1.77,38.85,278,4
1_EMA_Cross_12_26,fixed_12pct,fixed_pct,bull_2016_2017,-101.43,-100.9,1.13,1.86,39.21,278,3
1_EMA_Cross_12_26,fixed_15pct,fixed_pct,bull_2016_2017,-101.53,-100.94,1.17,1.9,39.21,278,2
1_EMA_Cross_12_26,fixed_20pct,fixed_pct,bull_2016_2017,-101.53,-100.94,1.17,1.9,39.21,278,2
1_EMA_Cross_12_26,trail_5pct,trail_pct,bull_2016_2017,-100.03,-100.06,-0.85,0.86,35.14,387,140
1_EMA_Cross_12_26,trail_8pct,trail_pct,bull_2016_2017,-100.18,-100.25,0.04,1.15,37.58,314,50
1_EMA_Cross_12_26,trail_10pct,trail_pct,bull_2016_2017,-100.44,-100.46,0.5,1.38,38.44,294,24
1_EMA_Cross_12_26,trail_12pct,trail_pct,bull_2016_2017,-100.51,-100.54,0.58,1.44,38.68,287,15
1_EMA_Cross_12_26,trail_15pct,trail_pct,bull_2016_2017,-100.61,-100.59,0.67,1.5,38.73,284,10
1_EMA_Cross_12_26,trail_20pct,trail_pct,bull_2016_2017,-100.78,-100.68,0.81,1.6,39.01,282,7
1_EMA_Cross_12_26,atr_fix_1.5x,atr_fixed,bull_2016_2017,-100.25,-100.26,0.19,1.26,30.59,389,206
1_EMA_Cross_12_26,atr_fix_2.0x,atr_fixed,bull_2016_2017,-100.38,-100.38,0.43,1.36,34.53,333,128
1_EMA_Cross_12_26,atr_fix_2.5x,atr_fixed,bull_2016_2017,-100.56,-100.54,0.62,1.47,36.57,309,86
1_EMA_Cross_12_26,atr_fix_3.0x,atr_fixed,bull_2016_2017,-100.68,-100.65,0.73,1.54,37.41,294,54
1_EMA_Cross_12_26,atr_fix_4.0x,atr_fixed,bull_2016_2017,-100.73,-100.69,0.77,1.56,38.38,284,30
1_EMA_Cross_12_26,atr_trail_2.0x,atr_trail,bull_2016_2017,-100.0,-100.0,-6.31,0.3,28.33,1419,1290
1_EMA_Cross_12_26,atr_trail_2.5x,atr_trail,bull_2016_2017,-100.0,-100.0,-4.02,0.43,31.66,979,827
1_EMA_Cross_12_26,atr_trail_3.0x,atr_trail,bull_2016_2017,-100.0,-100.0,-2.75,0.55,33.6,759,595
1_EMA_Cross_12_26,atr_trail_4.0x,atr_trail,bull_2016_2017,-100.02,-100.02,-1.17,0.79,34.6,526,326
1_EMA_Cross_12_26,chandelier_2.0x,chandelier,bull_2016_2017,-100.0,-100.0,-6.4,0.29,27.29,1367,1237
1_EMA_Cross_12_26,chandelier_3.0x,chandelier,bull_2016_2017,-100.0,-100.0,-2.74,0.54,32.43,737,557
1_EMA_Cross_12_26,breakeven_5pct,breakeven,bull_2016_2017,-100.63,-100.51,0.69,1.52,38.19,288,20
1_EMA_Cross_12_26,breakeven_8pct,breakeven,bull_2016_2017,-100.73,-100.59,0.77,1.57,38.52,283,13
1_EMA_Cross_12_26,breakeven_10pct,breakeven,bull_2016_2017,-100.73,-100.59,0.77,1.57,38.52,283,13
1_EMA_Cross_12_26,fix_low20_b0.5,fixed_swing,bull_2016_2017,-100.67,-100.6,0.72,1.53,38.3,282,23
1_EMA_Cross_12_26,trail_low20_b0.5,trail_swing,bull_2016_2017,1734.73,-28.78,2.96,2.97,39.35,277,0
1_EMA_Cross_12_26,break_low5,break_low,bull_2016_2017,-100.57,-100.54,0.64,1.47,37.63,287,45
1_EMA_Cross_12_26,entry_low_b0.5,entry_low,bull_2016_2017,-100.26,-100.27,0.22,1.26,31.48,359,150
1_EMA_Cross_12_26,trade_low_b0.5,trade_swing,bull_2016_2017,1734.73,-28.78,2.96,2.97,39.35,277,0
1_EMA_Cross_12_26,time_48h,time_stop,bull_2016_2017,1698.68,-28.78,2.94,2.94,39.35,277,3
1_EMA_Cross_12_26,time_72h,time_stop,bull_2016_2017,1711.82,-28.78,2.94,2.95,39.35,277,1
1_EMA_Cross_12_26,time_120h,time_stop,bull_2016_2017,1734.73,-28.78,2.96,2.97,39.35,277,0
2_EMA_Cross_21_55,sin_SL,none,bull_2016_2017,1800.18,-32.69,2.95,3.66,43.08,130,0
2_EMA_Cross_21_55,fixed_3pct,fixed_pct,bull_2016_2017,538.44,-58.02,1.85,2.12,40.27,149,34
2_EMA_Cross_21_55,fixed_5pct,fixed_pct,bull_2016_2017,749.72,-54.88,2.09,2.4,43.17,139,16
2_EMA_Cross_21_55,fixed_8pct,fixed_pct,bull_2016_2017,933.1,-53.97,2.27,2.64,42.86,133,6
2_EMA_Cross_21_55,fixed_10pct,fixed_pct,bull_2016_2017,1152.89,-51.27,2.46,2.89,43.18,132,3
2_EMA_Cross_21_55,fixed_12pct,fixed_pct,bull_2016_2017,1152.89,-51.27,2.46,2.89,43.18,132,3
2_EMA_Cross_21_55,fixed_15pct,fixed_pct,bull_2016_2017,1338.98,-44.03,2.59,3.12,43.51,131,2
2_EMA_Cross_21_55,fixed_20pct,fixed_pct,bull_2016_2017,1565.05,-35.23,2.76,3.38,43.51,131,1
2_EMA_Cross_21_55,trail_5pct,trail_pct,bull_2016_2017,-80.47,-83.9,-0.88,0.88,39.49,276,173
2_EMA_Cross_21_55,trail_8pct,trail_pct,bull_2016_2017,37.36,-66.5,0.59,1.33,38.2,178,63
2_EMA_Cross_21_55,trail_10pct,trail_pct,bull_2016_2017,187.61,-59.16,1.17,1.65,41.67,156,33
2_EMA_Cross_21_55,trail_12pct,trail_pct,bull_2016_2017,335.8,-51.47,1.5,1.95,41.1,146,20
2_EMA_Cross_21_55,trail_15pct,trail_pct,bull_2016_2017,405.16,-51.27,1.62,2.05,41.43,140,13
2_EMA_Cross_21_55,trail_20pct,trail_pct,bull_2016_2017,677.75,-37.61,1.99,2.5,42.34,137,7
2_EMA_Cross_21_55,atr_fix_1.5x,atr_fixed,bull_2016_2017,270.96,-68.42,1.4,1.81,28.39,236,149
2_EMA_Cross_21_55,atr_fix_2.0x,atr_fixed,bull_2016_2017,386.27,-65.03,1.62,1.96,33.99,203,100
2_EMA_Cross_21_55,atr_fix_2.5x,atr_fixed,bull_2016_2017,558.56,-55.9,1.89,2.18,36.11,180,75
2_EMA_Cross_21_55,atr_fix_3.0x,atr_fixed,bull_2016_2017,636.26,-53.05,2.0,2.29,37.5,168,60
2_EMA_Cross_21_55,atr_fix_4.0x,atr_fixed,bull_2016_2017,733.04,-55.63,2.08,2.39,42.95,149,33
2_EMA_Cross_21_55,atr_trail_2.0x,atr_trail,bull_2016_2017,-100.0,-100.0,-8.7,0.32,29.23,1389,1334
2_EMA_Cross_21_55,atr_trail_2.5x,atr_trail,bull_2016_2017,-99.96,-99.96,-5.48,0.45,32.56,949,876
2_EMA_Cross_21_55,atr_trail_3.0x,atr_trail,bull_2016_2017,-99.54,-99.59,-3.71,0.57,34.12,721,642
2_EMA_Cross_21_55,atr_trail_4.0x,atr_trail,bull_2016_2017,-90.41,-94.93,-1.46,0.82,35.82,469,382
2_EMA_Cross_21_55,chandelier_2.0x,chandelier,bull_2016_2017,-100.0,-100.0,-8.76,0.31,27.26,1350,1289
2_EMA_Cross_21_55,chandelier_3.0x,chandelier,bull_2016_2017,-99.5,-99.56,-3.67,0.56,34.06,687,606
2_EMA_Cross_21_55,breakeven_5pct,breakeven,bull_2016_2017,646.0,-58.35,1.98,2.34,37.41,147,21
2_EMA_Cross_21_55,breakeven_8pct,breakeven,bull_2016_2017,821.02,-57.56,2.17,2.55,41.18,136,9
2_EMA_Cross_21_55,breakeven_10pct,breakeven,bull_2016_2017,845.01,-57.56,2.19,2.57,42.54,134,7
2_EMA_Cross_21_55,fix_low20_b0.5,fixed_swing,bull_2016_2017,711.95,-55.82,2.06,2.35,43.28,134,16
2_EMA_Cross_21_55,trail_low20_b0.5,trail_swing,bull_2016_2017,1800.18,-32.69,2.95,3.66,43.08,130,0
2_EMA_Cross_21_55,break_low5,break_low,bull_2016_2017,480.84,-59.83,1.77,2.06,37.97,158,54
2_EMA_Cross_21_55,entry_low_b0.5,entry_low,bull_2016_2017,214.04,-67.34,1.26,1.71,29.3,215,122
2_EMA_Cross_21_55,trade_low_b0.5,trade_swing,bull_2016_2017,1800.18,-32.69,2.95,3.66,43.08,130,0
2_EMA_Cross_21_55,time_48h,time_stop,bull_2016_2017,1483.21,-33.75,2.77,3.27,41.1,146,23
2_EMA_Cross_21_55,time_72h,time_stop,bull_2016_2017,1740.49,-32.85,2.92,3.58,42.65,136,9
2_EMA_Cross_21_55,time_120h,time_stop,bull_2016_2017,1800.18,-32.69,2.95,3.66,43.08,130,0
10_Supertrend_Bull,sin_SL,none,bull_2016_2017,2662.0,-26.92,3.51,3.62,54.15,205,0
10_Supertrend_Bull,fixed_3pct,fixed_pct,bull_2016_2017,586.36,-41.8,1.99,1.94,48.71,232,46
10_Supertrend_Bull,fixed_5pct,fixed_pct,bull_2016_2017,887.14,-41.23,2.33,2.23,52.09,215,20
10_Supertrend_Bull,fixed_8pct,fixed_pct,bull_2016_2017,1431.09,-37.9,2.74,2.67,53.85,208,7
10_Supertrend_Bull,fixed_10pct,fixed_pct,bull_2016_2017,1869.59,-28.68,3.01,3.04,54.15,205,2
10_Supertrend_Bull,fixed_12pct,fixed_pct,bull_2016_2017,1869.59,-28.68,3.01,3.04,54.15,205,2
10_Supertrend_Bull,fixed_15pct,fixed_pct,bull_2016_2017,1869.59,-28.68,3.01,3.04,54.15,205,2
10_Supertrend_Bull,fixed_20pct,fixed_pct,bull_2016_2017,2292.89,-28.68,3.26,3.36,54.15,205,1
10_Supertrend_Bull,trail_5pct,trail_pct,bull_2016_2017,5.83,-55.92,0.36,1.24,44.06,286,119
10_Supertrend_Bull,trail_8pct,trail_pct,bull_2016_2017,286.12,-48.0,1.46,1.74,50.66,229,40
10_Supertrend_Bull,trail_10pct,trail_pct,bull_2016_2017,748.69,-43.92,2.16,2.16,51.63,215,17
10_Supertrend_Bull,trail_12pct,trail_pct,bull_2016_2017,955.41,-43.92,2.38,2.3,52.36,212,11
10_Supertrend_Bull,trail_15pct,trail_pct,bull_2016_2017,1094.91,-43.96,2.48,2.42,53.11,209,7
10_Supertrend_Bull,trail_20pct,trail_pct,bull_2016_2017,1824.27,-35.33,3.01,2.95,53.62,207,3
10_Supertrend_Bull,atr_fix_1.5x,atr_fixed,bull_2016_2017,260.58,-53.16,1.42,1.67,35.09,342,198
10_Supertrend_Bull,atr_fix_2.0x,atr_fixed,bull_2016_2017,450.62,-43.61,1.79,1.85,40.69,290,140
10_Supertrend_Bull,atr_fix_2.5x,atr_fixed,bull_2016_2017,734.55,-34.33,2.18,2.1,46.46,254,99
10_Supertrend_Bull,atr_fix_3.0x,atr_fixed,bull_2016_2017,891.85,-33.28,2.33,2.26,48.73,236,75
10_Supertrend_Bull,atr_fix_4.0x,atr_fixed,bull_2016_2017,1126.42,-32.5,2.53,2.45,52.56,215,38
10_Supertrend_Bull,atr_trail_2.0x,atr_trail,bull_2016_2017,-99.99,-99.99,-7.56,0.35,29.17,1176,1147
10_Supertrend_Bull,atr_trail_2.5x,atr_trail,bull_2016_2017,-99.53,-99.6,-4.17,0.54,31.9,790,753
10_Supertrend_Bull,atr_trail_3.0x,atr_trail,bull_2016_2017,-95.59,-97.32,-2.32,0.72,34.46,592,544
10_Supertrend_Bull,atr_trail_4.0x,atr_trail,bull_2016_2017,-56.0,-87.49,-0.37,1.06,39.14,373,311
10_Supertrend_Bull,chandelier_2.0x,chandelier,bull_2016_2017,-99.99,-99.99,-7.72,0.34,27.34,1145,1115
10_Supertrend_Bull,chandelier_3.0x,chandelier,bull_2016_2017,-96.45,-97.33,-2.46,0.68,35.08,573,520
10_Supertrend_Bull,breakeven_5pct,breakeven,bull_2016_2017,1077.93,-41.57,2.5,2.45,52.34,214,15
10_Supertrend_Bull,breakeven_8pct,breakeven,bull_2016_2017,1283.75,-41.57,2.65,2.56,53.11,209,9
10_Supertrend_Bull,breakeven_10pct,breakeven,bull_2016_2017,1340.54,-41.57,2.69,2.6,53.59,209,8
10_Supertrend_Bull,fix_low20_b0.5,fixed_swing,bull_2016_2017,1110.88,-40.25,2.5,2.47,53.33,210,19
10_Supertrend_Bull,trail_low20_b0.5,trail_swing,bull_2016_2017,2636.44,-26.92,3.5,3.62,54.37,206,1
10_Supertrend_Bull,break_low5,break_low,bull_2016_2017,864.26,-42.31,2.29,2.23,51.36,220,42
10_Supertrend_Bull,entry_low_b0.5,entry_low,bull_2016_2017,338.13,-45.93,1.59,1.72,40.14,284,131
10_Supertrend_Bull,trade_low_b0.5,trade_swing,bull_2016_2017,2662.0,-26.92,3.51,3.62,54.15,205,0
10_Supertrend_Bull,time_48h,time_stop,bull_2016_2017,2442.5,-26.92,3.42,3.45,52.34,214,15
10_Supertrend_Bull,time_72h,time_stop,bull_2016_2017,2647.84,-26.92,3.51,3.61,53.88,206,1
10_Supertrend_Bull,time_120h,time_stop,bull_2016_2017,2662.0,-26.92,3.51,3.62,54.15,205,0
1_EMA_Cross_12_26,sin_SL,none,bull_2020_2021,216.33,-38.91,2.07,1.99,37.42,163,0
1_EMA_Cross_12_26,fixed_3pct,fixed_pct,bull_2020_2021,108.88,-45.33,1.4,1.63,35.47,172,28
1_EMA_Cross_12_26,fixed_5pct,fixed_pct,bull_2020_2021,170.58,-44.18,1.8,1.84,36.36,165,5
1_EMA_Cross_12_26,fixed_8pct,fixed_pct,bull_2020_2021,205.03,-40.95,2.0,1.95,37.42,163,2
1_EMA_Cross_12_26,fixed_10pct,fixed_pct,bull_2020_2021,216.33,-38.91,2.07,1.99,37.42,163,0
1_EMA_Cross_12_26,fixed_12pct,fixed_pct,bull_2020_2021,216.33,-38.91,2.07,1.99,37.42,163,0
1_EMA_Cross_12_26,fixed_15pct,fixed_pct,bull_2020_2021,216.33,-38.91,2.07,1.99,37.42,163,0
1_EMA_Cross_12_26,fixed_20pct,fixed_pct,bull_2020_2021,216.33,-38.91,2.07,1.99,37.42,163,0
1_EMA_Cross_12_26,trail_5pct,trail_pct,bull_2020_2021,-58.57,-79.94,-1.03,0.93,29.44,231,97
1_EMA_Cross_12_26,trail_8pct,trail_pct,bull_2020_2021,70.09,-48.57,1.11,1.54,37.14,175,17
1_EMA_Cross_12_26,trail_10pct,trail_pct,bull_2020_2021,132.34,-43.57,1.59,1.74,37.5,168,6
1_EMA_Cross_12_26,trail_12pct,trail_pct,bull_2020_2021,155.58,-40.95,1.75,1.8,36.97,165,3
1_EMA_Cross_12_26,trail_15pct,trail_pct,bull_2020_2021,216.33,-38.91,2.07,1.99,37.42,163,0
1_EMA_Cross_12_26,trail_20pct,trail_pct,bull_2020_2021,216.33,-38.91,2.07,1.99,37.42,163,0
1_EMA_Cross_12_26,atr_fix_1.5x,atr_fixed,bull_2020_2021,44.46,-53.31,0.85,1.42,31.9,210,94
1_EMA_Cross_12_26,atr_fix_2.0x,atr_fixed,bull_2020_2021,92.7,-46.43,1.29,1.58,34.78,184,60
1_EMA_Cross_12_26,atr_fix_2.5x,atr_fixed,bull_2020_2021,134.67,-45.15,1.59,1.72,36.26,171,32
1_EMA_Cross_12_26,atr_fix_3.0x,atr_fixed,bull_2020_2021,157.77,-42.7,1.73,1.8,36.14,166,16
1_EMA_Cross_12_26,atr_fix_4.0x,atr_fixed,bull_2020_2021,188.3,-39.56,1.91,1.9,36.59,164,5
1_EMA_Cross_12_26,atr_trail_2.0x,atr_trail,bull_2020_2021,-99.81,-99.81,-9.53,0.35,26.42,704,621
1_EMA_Cross_12_26,atr_trail_2.5x,atr_trail,bull_2020_2021,-98.15,-98.23,-5.88,0.5,29.46,499,406
1_EMA_Cross_12_26,atr_trail_3.0x,atr_trail,bull_2020_2021,-93.08,-93.5,-3.79,0.59,29.77,383,278
1_EMA_Cross_12_26,atr_trail_4.0x,atr_trail,bull_2020_2021,-48.23,-72.64,-0.7,1.0,30.43,253,133
1_EMA_Cross_12_26,chandelier_2.0x,chandelier,bull_2020_2021,-99.84,-99.84,-9.85,0.33,27.33,688,604
1_EMA_Cross_12_26,chandelier_3.0x,chandelier,bull_2020_2021,-90.97,-91.52,-3.38,0.63,31.68,363,248
1_EMA_Cross_12_26,breakeven_5pct,breakeven,bull_2020_2021,141.41,-44.96,1.65,1.79,36.84,171,12
1_EMA_Cross_12_26,breakeven_8pct,breakeven,bull_2020_2021,177.61,-40.85,1.87,1.9,37.58,165,4
1_EMA_Cross_12_26,breakeven_10pct,breakeven,bull_2020_2021,177.16,-40.95,1.87,1.9,37.2,164,3
1_EMA_Cross_12_26,fix_low20_b0.5,fixed_swing,bull_2020_2021,180.86,-39.59,1.87,1.85,36.36,165,10
1_EMA_Cross_12_26,trail_low20_b0.5,trail_swing,bull_2020_2021,222.39,-38.91,2.1,1.99,37.42,163,1
1_EMA_Cross_12_26,break_low5,break_low,bull_2020_2021,107.32,-48.48,1.39,1.6,34.71,170,40
1_EMA_Cross_12_26,entry_low_b0.5,entry_low,bull_2020_2021,-6.38,-67.15,0.21,1.23,25.81,248,147
1_EMA_Cross_12_26,trade_low_b0.5,trade_swing,bull_2020_2021,216.33,-38.91,2.07,1.99,37.42,163,0
1_EMA_Cross_12_26,time_48h,time_stop,bull_2020_2021,216.33,-38.91,2.07,1.99,37.42,163,0
1_EMA_Cross_12_26,time_72h,time_stop,bull_2020_2021,216.33,-38.91,2.07,1.99,37.42,163,0
1_EMA_Cross_12_26,time_120h,time_stop,bull_2020_2021,216.33,-38.91,2.07,1.99,37.42,163,0
2_EMA_Cross_21_55,sin_SL,none,bull_2020_2021,308.16,-26.34,2.46,2.61,38.67,75,0
2_EMA_Cross_21_55,fixed_3pct,fixed_pct,bull_2020_2021,214.96,-32.45,2.05,2.16,37.5,88,29
2_EMA_Cross_21_55,fixed_5pct,fixed_pct,bull_2020_2021,255.97,-29.0,2.24,2.35,37.66,77,6
2_EMA_Cross_21_55,fixed_8pct,fixed_pct,bull_2020_2021,289.9,-26.34,2.38,2.52,38.67,75,1
2_EMA_Cross_21_55,fixed_10pct,fixed_pct,bull_2020_2021,308.16,-26.34,2.46,2.61,38.67,75,0
2_EMA_Cross_21_55,fixed_12pct,fixed_pct,bull_2020_2021,308.16,-26.34,2.46,2.61,38.67,75,0
2_EMA_Cross_21_55,fixed_15pct,fixed_pct,bull_2020_2021,308.16,-26.34,2.46,2.61,38.67,75,0
2_EMA_Cross_21_55,fixed_20pct,fixed_pct,bull_2020_2021,308.16,-26.34,2.46,2.61,38.67,75,0
2_EMA_Cross_21_55,trail_5pct,trail_pct,bull_2020_2021,-61.03,-74.9,-1.12,0.87,30.9,178,117
2_EMA_Cross_21_55,trail_8pct,trail_pct,bull_2020_2021,74.29,-45.91,1.15,1.58,38.0,100,30
2_EMA_Cross_21_55,trail_10pct,trail_pct,bull_2020_2021,174.2,-39.86,1.84,2.03,36.14,83,11
2_EMA_Cross_21_55,trail_12pct,trail_pct,bull_2020_2021,208.58,-39.68,2.04,2.15,36.71,79,6
2_EMA_Cross_21_55,trail_15pct,trail_pct,bull_2020_2021,266.32,-26.34,2.27,2.49,39.47,76,1
2_EMA_Cross_21_55,trail_20pct,trail_pct,bull_2020_2021,266.32,-26.34,2.27,2.49,39.47,76,1
2_EMA_Cross_21_55,atr_fix_1.5x,atr_fixed,bull_2020_2021,130.61,-40.63,1.57,1.83,28.46,123,66
2_EMA_Cross_21_55,atr_fix_2.0x,atr_fixed,bull_2020_2021,161.38,-31.92,1.76,1.94,34.31,102,43
2_EMA_Cross_21_55,atr_fix_2.5x,atr_fixed,bull_2020_2021,221.42,-28.57,2.08,2.2,37.08,89,26
2_EMA_Cross_21_55,atr_fix_3.0x,atr_fixed,bull_2020_2021,251.06,-27.81,2.22,2.34,37.35,83,15
2_EMA_Cross_21_55,atr_fix_4.0x,atr_fixed,bull_2020_2021,274.19,-26.6,2.31,2.44,37.66,77,8
2_EMA_Cross_21_55,atr_trail_2.0x,atr_trail,bull_2020_2021,-99.86,-99.86,-9.96,0.34,28.12,704,663
2_EMA_Cross_21_55,atr_trail_2.5x,atr_trail,bull_2020_2021,-98.44,-98.5,-6.1,0.48,33.4,485,437
2_EMA_Cross_21_55,atr_trail_3.0x,atr_trail,bull_2020_2021,-95.15,-95.4,-4.26,0.55,33.7,359,305
2_EMA_Cross_21_55,atr_trail_4.0x,atr_trail,bull_2020_2021,-61.64,-73.01,-1.13,0.9,36.09,230,166
2_EMA_Cross_21_55,chandelier_2.0x,chandelier,bull_2020_2021,-99.88,-99.88,-10.29,0.33,28.01,689,652
2_EMA_Cross_21_55,chandelier_3.0x,chandelier,bull_2020_2021,-94.67,-94.95,-4.08,0.56,35.47,344,288
2_EMA_Cross_21_55,breakeven_5pct,breakeven,bull_2020_2021,161.94,-40.35,1.81,1.97,34.88,86,14
2_EMA_Cross_21_55,breakeven_8pct,breakeven,bull_2020_2021,188.28,-36.61,1.96,2.09,34.18,79,7
2_EMA_Cross_21_55,breakeven_10pct,breakeven,bull_2020_2021,193.54,-36.61,1.99,2.12,34.62,78,5
2_EMA_Cross_21_55,fix_low20_b0.5,fixed_swing,bull_2020_2021,281.98,-26.6,2.35,2.49,37.66,77,6
2_EMA_Cross_21_55,trail_low20_b0.5,trail_swing,bull_2020_2021,315.14,-26.34,2.49,2.66,38.16,76,1
2_EMA_Cross_21_55,break_low5,break_low,bull_2020_2021,155.72,-32.6,1.72,1.91,31.0,100,39
2_EMA_Cross_21_55,entry_low_b0.5,entry_low,bull_2020_2021,49.65,-45.94,0.92,1.49,24.36,156,107
2_EMA_Cross_21_55,trade_low_b0.5,trade_swing,bull_2020_2021,308.16,-26.34,2.46,2.61,38.67,75,0
2_EMA_Cross_21_55,time_48h,time_stop,bull_2020_2021,281.0,-26.44,2.35,2.51,32.56,86,16
2_EMA_Cross_21_55,time_72h,time_stop,bull_2020_2021,297.72,-27.0,2.42,2.57,36.36,77,5
2_EMA_Cross_21_55,time_120h,time_stop,bull_2020_2021,308.16,-26.34,2.46,2.61,38.67,75,1
10_Supertrend_Bull,sin_SL,none,bull_2020_2021,106.51,-38.81,1.48,1.72,50.0,108,0
10_Supertrend_Bull,fixed_3pct,fixed_pct,bull_2020_2021,2.8,-62.24,0.33,1.21,40.15,137,46
10_Supertrend_Bull,fixed_5pct,fixed_pct,bull_2020_2021,67.0,-45.86,1.11,1.52,47.37,114,12
10_Supertrend_Bull,fixed_8pct,fixed_pct,bull_2020_2021,87.94,-41.99,1.32,1.63,49.09,110,4
10_Supertrend_Bull,fixed_10pct,fixed_pct,bull_2020_2021,99.62,-40.85,1.42,1.69,50.0,108,1
10_Supertrend_Bull,fixed_12pct,fixed_pct,bull_2020_2021,99.62,-40.85,1.42,1.69,50.0,108,1
10_Supertrend_Bull,fixed_15pct,fixed_pct,bull_2020_2021,106.51,-38.81,1.48,1.72,50.0,108,0
10_Supertrend_Bull,fixed_20pct,fixed_pct,bull_2020_2021,106.51,-38.81,1.48,1.72,50.0,108,0
10_Supertrend_Bull,trail_5pct,trail_pct,bull_2020_2021,-60.24,-78.45,-1.16,0.85,35.58,163,89
10_Supertrend_Bull,trail_8pct,trail_pct,bull_2020_2021,55.82,-47.63,1.0,1.47,47.79,113,13
10_Supertrend_Bull,trail_10pct,trail_pct,bull_2020_2021,74.79,-43.93,1.19,1.57,48.65,111,5
10_Supertrend_Bull,trail_12pct,trail_pct,bull_2020_2021,92.86,-40.85,1.36,1.65,49.54,109,2
10_Supertrend_Bull,trail_15pct,trail_pct,bull_2020_2021,106.51,-38.81,1.48,1.72,50.0,108,0
10_Supertrend_Bull,trail_20pct,trail_pct,bull_2020_2021,106.51,-38.81,1.48,1.72,50.0,108,0
10_Supertrend_Bull,atr_fix_1.5x,atr_fixed,bull_2020_2021,-9.27,-60.55,0.13,1.17,34.34,166,93
10_Supertrend_Bull,atr_fix_2.0x,atr_fixed,bull_2020_2021,30.27,-51.48,0.71,1.35,38.73,142,54
10_Supertrend_Bull,atr_fix_2.5x,atr_fixed,bull_2020_2021,30.77,-52.39,0.71,1.35,41.35,133,40
10_Supertrend_Bull,atr_fix_3.0x,atr_fixed,bull_2020_2021,49.11,-46.76,0.93,1.43,44.72,123,31
10_Supertrend_Bull,atr_fix_4.0x,atr_fixed,bull_2020_2021,82.4,-42.29,1.27,1.6,49.55,111,12
10_Supertrend_Bull,atr_trail_2.0x,atr_trail,bull_2020_2021,-99.73,-99.73,-9.4,0.32,26.06,591,574
10_Supertrend_Bull,atr_trail_2.5x,atr_trail,bull_2020_2021,-97.99,-98.06,-5.96,0.46,27.91,412,384
10_Supertrend_Bull,atr_trail_3.0x,atr_trail,bull_2020_2021,-91.96,-92.38,-3.71,0.55,28.9,301,268
10_Supertrend_Bull,atr_trail_4.0x,atr_trail,bull_2020_2021,-58.04,-68.42,-1.08,0.88,34.44,180,147
10_Supertrend_Bull,chandelier_2.0x,chandelier,bull_2020_2021,-99.81,-99.81,-10.02,0.3,25.17,584,571
10_Supertrend_Bull,chandelier_3.0x,chandelier,bull_2020_2021,-91.93,-92.33,-3.68,0.56,30.31,287,254
10_Supertrend_Bull,breakeven_5pct,breakeven,bull_2020_2021,51.52,-51.21,0.96,1.47,45.76,118,17
10_Supertrend_Bull,breakeven_8pct,breakeven,bull_2020_2021,87.27,-42.2,1.31,1.63,48.18,110,5
10_Supertrend_Bull,breakeven_10pct,breakeven,bull_2020_2021,87.94,-41.99,1.32,1.63,49.09,110,4
10_Supertrend_Bull,fix_low20_b0.5,fixed_swing,bull_2020_2021,82.11,-39.47,1.27,1.59,47.75,111,9
10_Supertrend_Bull,trail_low20_b0.5,trail_swing,bull_2020_2021,106.41,-38.81,1.48,1.72,50.0,108,1
10_Supertrend_Bull,break_low5,break_low,bull_2020_2021,27.1,-53.06,0.67,1.33,42.19,128,39
10_Supertrend_Bull,entry_low_b0.5,entry_low,bull_2020_2021,-22.45,-65.3,-0.12,1.11,31.07,177,105
10_Supertrend_Bull,trade_low_b0.5,trade_swing,bull_2020_2021,106.51,-38.81,1.48,1.72,50.0,108,0
10_Supertrend_Bull,time_48h,time_stop,bull_2020_2021,101.35,-38.81,1.44,1.7,49.09,110,8
10_Supertrend_Bull,time_72h,time_stop,bull_2020_2021,106.51,-38.81,1.48,1.72,50.0,108,0
10_Supertrend_Bull,time_120h,time_stop,bull_2020_2021,106.51,-38.81,1.48,1.72,50.0,108,0
