strategy,stop_config,period,return_pct,buy_hold_pct,max_dd_pct,sharpe,pf,win_rate_pct,trades,stop_exits,signal_exits,time_in_market_pct
1_EMA_Cross_12_26,sin_SL,bull_2016_2017,1734.73,4400.04,-28.78,2.96,2.97,39.35,277,0,0,61.49
1_EMA_Cross_12_26,fix_low3_b0.5,bull_2016_2017,-100.47,4400.04,-100.46,0.53,1.4,36.99,292,63,228,61.34
1_EMA_Cross_12_26,fix_low5_b0.5,bull_2016_2017,-100.61,4400.04,-100.55,0.67,1.49,37.89,285,38,246,61.42
1_EMA_Cross_12_26,fix_low5_b1,bull_2016_2017,-100.65,4400.04,-100.58,0.71,1.52,38.3,282,25,256,61.44
1_EMA_Cross_12_26,fix_low8_b0.5,bull_2016_2017,-100.66,4400.04,-100.59,0.72,1.52,38.3,282,24,257,61.45
1_EMA_Cross_12_26,fix_low10_b0.5,bull_2016_2017,-100.66,4400.04,-100.59,0.72,1.52,38.3,282,24,257,61.45
1_EMA_Cross_12_26,fix_low20_b0.5,bull_2016_2017,-100.67,4400.04,-100.6,0.72,1.53,38.3,282,23,258,61.45
1_EMA_Cross_12_26,fix_low50_b0.5,bull_2016_2017,-100.71,4400.04,-100.63,0.75,1.55,38.3,282,19,262,61.45
1_EMA_Cross_12_26,trail_low3_b0.5,bull_2016_2017,1734.73,4400.04,-28.78,2.96,2.97,39.35,277,0,276,61.49
1_EMA_Cross_12_26,trail_low5_b0.5,bull_2016_2017,1734.73,4400.04,-28.78,2.96,2.97,39.35,277,0,276,61.49
1_EMA_Cross_12_26,trail_low8_b0.5,bull_2016_2017,1734.73,4400.04,-28.78,2.96,2.97,39.35,277,0,276,61.49
1_EMA_Cross_12_26,trail_low10_b0.5,bull_2016_2017,1734.73,4400.04,-28.78,2.96,2.97,39.35,277,0,276,61.49
1_EMA_Cross_12_26,trail_low20_b0.5,bull_2016_2017,1734.73,4400.04,-28.78,2.96,2.97,39.35,277,0,276,61.49
1_EMA_Cross_12_26,trade_low_b0.5,bull_2016_2017,1734.73,4400.04,-28.78,2.96,2.97,39.35,277,0,276,61.49
1_EMA_Cross_12_26,trade_low_b1,bull_2016_2017,1734.73,4400.04,-28.78,2.96,2.97,39.35,277,0,276,61.49
1_EMA_Cross_12_26,entry_low_b0.5,bull_2016_2017,-100.26,4400.04,-100.27,0.22,1.26,31.48,359,150,208,60.88
1_EMA_Cross_12_26,entry_low_b1,bull_2016_2017,-100.38,4400.04,-100.39,0.43,1.34,35.28,309,79,229,61.24
1_EMA_Cross_12_26,pivot_b0.5,bull_2016_2017,-100.6,4400.04,-100.54,0.66,1.49,37.89,285,34,250,61.43
1_EMA_Cross_12_26,pivot_b1,bull_2016_2017,-100.64,4400.04,-100.57,0.7,1.51,38.16,283,23,259,61.44
1_EMA_Cross_12_26,break_low3,bull_2016_2017,-100.28,4400.04,-100.28,0.25,1.29,30.0,380,201,178,60.71
1_EMA_Cross_12_26,break_low5,bull_2016_2017,-100.37,4400.04,-100.36,0.4,1.34,33.74,329,128,200,61.07
1_EMA_Cross_12_26,break_low8,bull_2016_2017,-100.54,4400.04,-100.53,0.61,1.46,36.49,296,63,232,61.31
2_EMA_Cross_21_55,sin_SL,bull_2016_2017,1800.18,4400.04,-32.69,2.95,3.66,43.08,130,0,0,64.34
2_EMA_Cross_21_55,fix_low3_b0.5,bull_2016_2017,371.79,4400.04,-63.65,1.59,1.93,35.93,167,64,102,64.07
2_EMA_Cross_21_55,fix_low5_b0.5,bull_2016_2017,478.42,4400.04,-58.63,1.77,2.05,38.31,154,50,103,64.14
2_EMA_Cross_21_55,fix_low5_b1,bull_2016_2017,754.19,4400.04,-48.83,2.12,2.39,40.56,143,28,114,64.22
2_EMA_Cross_21_55,fix_low8_b0.5,bull_2016_2017,760.07,4400.04,-47.72,2.13,2.41,41.13,141,31,109,64.22
2_EMA_Cross_21_55,fix_low10_b0.5,bull_2016_2017,794.97,4400.04,-47.72,2.16,2.45,42.03,138,25,112,64.24
2_EMA_Cross_21_55,fix_low20_b0.5,bull_2016_2017,711.95,4400.04,-55.82,2.06,2.35,43.28,134,16,117,64.28
2_EMA_Cross_21_55,fix_low50_b0.5,bull_2016_2017,841.08,4400.04,-54.66,2.19,2.52,42.86,133,11,121,64.3
2_EMA_Cross_21_55,trail_low3_b0.5,bull_2016_2017,1800.18,4400.04,-32.69,2.95,3.66,43.08,130,0,129,64.34
2_EMA_Cross_21_55,trail_low5_b0.5,bull_2016_2017,1800.18,4400.04,-32.69,2.95,3.66,43.08,130,0,129,64.34
2_EMA_Cross_21_55,trail_low8_b0.5,bull_2016_2017,1800.18,4400.04,-32.69,2.95,3.66,43.08,130,0,129,64.34
2_EMA_Cross_21_55,trail_low10_b0.5,bull_2016_2017,1800.18,4400.04,-32.69,2.95,3.66,43.08,130,0,129,64.34
2_EMA_Cross_21_55,trail_low20_b0.5,bull_2016_2017,1800.18,4400.04,-32.69,2.95,3.66,43.08,130,0,129,64.34
2_EMA_Cross_21_55,trade_low_b0.5,bull_2016_2017,1800.18,4400.04,-32.69,2.95,3.66,43.08,130,0,129,64.34
2_EMA_Cross_21_55,trade_low_b1,bull_2016_2017,1800.18,4400.04,-32.69,2.95,3.66,43.08,130,0,129,64.34
2_EMA_Cross_21_55,entry_low_b0.5,bull_2016_2017,214.04,4400.04,-67.34,1.26,1.71,29.3,215,122,92,63.76
2_EMA_Cross_21_55,entry_low_b1,bull_2016_2017,333.69,4400.04,-66.15,1.52,1.87,34.86,175,72,102,64.01
2_EMA_Cross_21_55,pivot_b0.5,bull_2016_2017,560.12,4400.04,-59.82,1.88,2.17,39.22,153,45,107,64.15
2_EMA_Cross_21_55,pivot_b1,bull_2016_2017,778.98,4400.04,-50.36,2.15,2.43,41.96,143,30,112,64.21
2_EMA_Cross_21_55,break_low3,bull_2016_2017,178.8,4400.04,-69.88,1.16,1.69,24.39,246,162,83,63.55
2_EMA_Cross_21_55,break_low5,bull_2016_2017,304.76,4400.04,-67.54,1.46,1.87,29.33,208,119,88,63.79
2_EMA_Cross_21_55,break_low8,bull_2016_2017,552.35,4400.04,-53.79,1.89,2.19,34.09,176,81,94,63.99
6_BB_Squeeze_Break,sin_SL,bull_2016_2017,572.92,4400.04,-18.27,2.77,3.25,50.99,202,0,0,22.56
6_BB_Squeeze_Break,fix_low3_b0.5,bull_2016_2017,-100.36,4400.04,-100.27,0.32,1.38,49.27,205,21,183,22.54
6_BB_Squeeze_Break,fix_low5_b0.5,bull_2016_2017,-100.41,4400.04,-100.3,0.39,1.44,50.0,204,13,190,22.55
6_BB_Squeeze_Break,fix_low5_b1,bull_2016_2017,-100.42,4400.04,-100.3,0.41,1.45,50.25,203,9,193,22.56
6_BB_Squeeze_Break,fix_low8_b0.5,bull_2016_2017,-100.42,4400.04,-100.3,0.41,1.45,50.25,203,9,193,22.56
6_BB_Squeeze_Break,fix_low10_b0.5,bull_2016_2017,-100.42,4400.04,-100.3,0.42,1.46,50.25,203,8,194,22.56
6_BB_Squeeze_Break,fix_low20_b0.5,bull_2016_2017,-100.43,4400.04,-100.31,0.43,1.48,50.25,203,7,195,22.56
6_BB_Squeeze_Break,fix_low50_b0.5,bull_2016_2017,-100.46,4400.04,-100.33,0.47,1.51,50.74,203,6,196,22.56
6_BB_Squeeze_Break,trail_low3_b0.5,bull_2016_2017,572.92,4400.04,-18.27,2.77,3.25,50.99,202,0,201,22.56
6_BB_Squeeze_Break,trail_low5_b0.5,bull_2016_2017,572.92,4400.04,-18.27,2.77,3.25,50.99,202,0,201,22.56
6_BB_Squeeze_Break,trail_low8_b0.5,bull_2016_2017,572.92,4400.04,-18.27,2.77,3.25,50.99,202,0,201,22.56
6_BB_Squeeze_Break,trail_low10_b0.5,bull_2016_2017,572.92,4400.04,-18.27,2.77,3.25,50.99,202,0,201,22.56
6_BB_Squeeze_Break,trail_low20_b0.5,bull_2016_2017,572.92,4400.04,-18.27,2.77,3.25,50.99,202,0,201,22.56
6_BB_Squeeze_Break,trade_low_b0.5,bull_2016_2017,572.92,4400.04,-18.27,2.77,3.25,50.99,202,0,201,22.56
6_BB_Squeeze_Break,trade_low_b1,bull_2016_2017,572.92,4400.04,-18.27,2.77,3.25,50.99,202,0,201,22.56
6_BB_Squeeze_Break,entry_low_b0.5,bull_2016_2017,-100.26,4400.04,-100.21,0.12,1.23,45.7,221,51,169,22.45
6_BB_Squeeze_Break,entry_low_b1,bull_2016_2017,-100.3,4400.04,-100.23,0.2,1.29,47.39,211,32,178,22.51
6_BB_Squeeze_Break,pivot_b0.5,bull_2016_2017,-100.41,4400.04,-100.3,0.39,1.44,50.0,204,12,191,22.55
6_BB_Squeeze_Break,pivot_b1,bull_2016_2017,-100.42,4400.04,-100.3,0.41,1.45,50.25,203,9,193,22.56
6_BB_Squeeze_Break,break_low3,bull_2016_2017,-100.29,4400.04,-100.23,0.18,1.27,46.79,218,63,154,22.44
6_BB_Squeeze_Break,break_low5,bull_2016_2017,-100.33,4400.04,-100.26,0.27,1.33,48.08,208,37,170,22.51
6_BB_Squeeze_Break,break_low8,bull_2016_2017,-100.37,4400.04,-100.29,0.34,1.39,49.27,205,25,179,22.54
10_Supertrend_Bull,sin_SL,bull_2016_2017,2662.0,4400.04,-26.92,3.51,3.62,54.15,205,0,0,55.15
10_Supertrend_Bull,fix_low3_b0.5,bull_2016_2017,766.41,4400.04,-42.12,2.19,2.14,50.44,226,51,175,55.02
10_Supertrend_Bull,fix_low5_b0.5,bull_2016_2017,957.23,4400.04,-40.25,2.38,2.32,51.85,216,37,179,55.08
10_Supertrend_Bull,fix_low5_b1,bull_2016_2017,1042.43,4400.04,-40.25,2.45,2.39,52.61,211,21,190,55.12
10_Supertrend_Bull,fix_low8_b0.5,bull_2016_2017,1045.77,4400.04,-40.25,2.45,2.42,53.08,211,26,185,55.12
10_Supertrend_Bull,fix_low10_b0.5,bull_2016_2017,1069.48,4400.04,-40.25,2.47,2.43,53.33,210,24,186,55.12
10_Supertrend_Bull,fix_low20_b0.5,bull_2016_2017,1110.88,4400.04,-40.25,2.5,2.47,53.33,210,19,191,55.12
10_Supertrend_Bull,fix_low50_b0.5,bull_2016_2017,1147.06,4400.04,-40.25,2.53,2.5,53.33,210,17,193,55.12
10_Supertrend_Bull,trail_low3_b0.5,bull_2016_2017,2662.0,4400.04,-26.92,3.51,3.62,54.15,205,0,205,55.15
10_Supertrend_Bull,trail_low5_b0.5,bull_2016_2017,2662.0,4400.04,-26.92,3.51,3.62,54.15,205,0,205,55.15
10_Supertrend_Bull,trail_low8_b0.5,bull_2016_2017,2662.0,4400.04,-26.92,3.51,3.62,54.15,205,0,205,55.15
10_Supertrend_Bull,trail_low10_b0.5,bull_2016_2017,2662.0,4400.04,-26.92,3.51,3.62,54.15,205,0,205,55.15
10_Supertrend_Bull,trail_low20_b0.5,bull_2016_2017,2636.44,4400.04,-26.92,3.5,3.62,54.37,206,1,205,55.15
10_Supertrend_Bull,trade_low_b0.5,bull_2016_2017,2662.0,4400.04,-26.92,3.51,3.62,54.15,205,0,205,55.15
10_Supertrend_Bull,trade_low_b1,bull_2016_2017,2662.0,4400.04,-26.92,3.51,3.62,54.15,205,0,205,55.15
10_Supertrend_Bull,entry_low_b0.5,bull_2016_2017,338.13,4400.04,-45.93,1.59,1.72,40.14,284,131,153,54.64
10_Supertrend_Bull,entry_low_b1,bull_2016_2017,558.81,4400.04,-42.73,1.94,1.9,46.72,244,78,166,54.9
10_Supertrend_Bull,pivot_b0.5,bull_2016_2017,935.24,4400.04,-40.25,2.36,2.3,52.53,217,35,182,55.08
10_Supertrend_Bull,pivot_b1,bull_2016_2017,1010.61,4400.04,-40.25,2.42,2.36,53.05,213,23,190,55.1
10_Supertrend_Bull,break_low3,bull_2016_2017,343.07,4400.04,-44.98,1.59,1.78,38.24,306,164,142,54.49
10_Supertrend_Bull,break_low5,bull_2016_2017,595.65,4400.04,-44.04,1.99,2.02,44.14,256,101,155,54.82
10_Supertrend_Bull,break_low8,bull_2016_2017,909.0,4400.04,-40.37,2.33,2.31,50.0,226,59,167,55.01
1_EMA_Cross_12_26,sin_SL,bull_2020_2021,216.33,521.21,-38.91,2.07,1.99,37.42,163,0,0,57.99
1_EMA_Cross_12_26,fix_low3_b0.5,bull_2020_2021,92.78,521.21,-49.13,1.28,1.56,33.9,177,51,126,57.71
1_EMA_Cross_12_26,fix_low5_b0.5,bull_2020_2021,107.09,521.21,-48.45,1.39,1.6,34.5,171,35,136,57.85
1_EMA_Cross_12_26,fix_low5_b1,bull_2020_2021,123.69,521.21,-46.97,1.51,1.68,35.33,167,19,148,57.9
1_EMA_Cross_12_26,fix_low8_b0.5,bull_2020_2021,166.53,521.21,-40.11,1.79,1.8,36.36,165,15,150,57.93
1_EMA_Cross_12_26,fix_low10_b0.5,bull_2020_2021,171.55,521.21,-40.11,1.82,1.82,36.36,165,12,153,57.93
1_EMA_Cross_12_26,fix_low20_b0.5,bull_2020_2021,180.86,521.21,-39.59,1.87,1.85,36.36,165,10,155,57.94
1_EMA_Cross_12_26,fix_low50_b0.5,bull_2020_2021,187.71,521.21,-38.91,1.91,1.88,36.36,165,5,160,57.95
1_EMA_Cross_12_26,trail_low3_b0.5,bull_2020_2021,216.33,521.21,-38.91,2.07,1.99,37.42,163,0,163,57.99
1_EMA_Cross_12_26,trail_low5_b0.5,bull_2020_2021,216.33,521.21,-38.91,2.07,1.99,37.42,163,0,163,57.99
1_EMA_Cross_12_26,trail_low8_b0.5,bull_2020_2021,216.33,521.21,-38.91,2.07,1.99,37.42,163,0,163,57.99
1_EMA_Cross_12_26,trail_low10_b0.5,bull_2020_2021,216.33,521.21,-38.91,2.07,1.99,37.42,163,0,163,57.99
1_EMA_Cross_12_26,trail_low20_b0.5,bull_2020_2021,222.39,521.21,-38.91,2.1,1.99,37.42,163,1,162,57.98
1_EMA_Cross_12_26,trade_low_b0.5,bull_2020_2021,216.33,521.21,-38.91,2.07,1.99,37.42,163,0,163,57.99
1_EMA_Cross_12_26,trade_low_b1,bull_2020_2021,216.33,521.21,-38.91,2.07,1.99,37.42,163,0,163,57.99
1_EMA_Cross_12_26,entry_low_b0.5,bull_2020_2021,-6.38,521.21,-67.15,0.21,1.23,25.81,248,147,101,56.84
1_EMA_Cross_12_26,entry_low_b1,bull_2020_2021,31.47,521.21,-56.65,0.71,1.37,31.58,209,89,120,57.39
1_EMA_Cross_12_26,pivot_b0.5,bull_2020_2021,111.88,521.21,-48.27,1.43,1.62,34.5,171,32,139,57.82
1_EMA_Cross_12_26,pivot_b1,bull_2020_2021,122.56,521.21,-47.22,1.5,1.68,35.33,167,19,148,57.9
1_EMA_Cross_12_26,break_low3,bull_2020_2021,12.64,521.21,-62.39,0.48,1.29,27.93,222,122,100,57.14
1_EMA_Cross_12_26,break_low5,bull_2020_2021,80.09,521.21,-51.06,1.18,1.52,32.07,184,62,122,57.63
1_EMA_Cross_12_26,break_low8,bull_2020_2021,136.57,521.21,-43.45,1.6,1.7,35.5,169,31,138,57.85
2_EMA_Cross_21_55,sin_SL,bull_2020_2021,308.16,521.21,-26.34,2.46,2.61,38.67,75,0,0,60.38
2_EMA_Cross_21_55,fix_low3_b0.5,bull_2020_2021,118.28,521.21,-37.19,1.48,1.75,29.09,110,55,54,59.88
2_EMA_Cross_21_55,fix_low5_b0.5,bull_2020_2021,165.34,521.21,-31.73,1.78,1.95,31.25,96,36,59,60.08
2_EMA_Cross_21_55,fix_low5_b1,bull_2020_2021,221.42,521.21,-29.22,2.08,2.19,35.71,84,22,61,60.22
2_EMA_Cross_21_55,fix_low8_b0.5,bull_2020_2021,215.97,521.21,-27.75,2.05,2.17,34.12,85,19,65,60.27
2_EMA_Cross_21_55,fix_low10_b0.5,bull_2020_2021,259.89,521.21,-26.6,2.25,2.38,37.5,80,13,66,60.32
2_EMA_Cross_21_55,fix_low20_b0.5,bull_2020_2021,281.98,521.21,-26.6,2.35,2.49,37.66,77,6,70,60.35
2_EMA_Cross_21_55,fix_low50_b0.5,bull_2020_2021,288.08,521.21,-26.34,2.37,2.52,37.66,77,4,72,60.36
2_EMA_Cross_21_55,trail_low3_b0.5,bull_2020_2021,308.16,521.21,-26.34,2.46,2.61,38.67,75,0,74,60.38
2_EMA_Cross_21_55,trail_low5_b0.5,bull_2020_2021,308.16,521.21,-26.34,2.46,2.61,38.67,75,0,74,60.38
2_EMA_Cross_21_55,trail_low8_b0.5,bull_2020_2021,308.16,521.21,-26.34,2.46,2.61,38.67,75,0,74,60.38
2_EMA_Cross_21_55,trail_low10_b0.5,bull_2020_2021,308.16,521.21,-26.34,2.46,2.61,38.67,75,0,74,60.38
2_EMA_Cross_21_55,trail_low20_b0.5,bull_2020_2021,315.14,521.21,-26.34,2.49,2.66,38.16,76,1,74,60.37
2_EMA_Cross_21_55,trade_low_b0.5,bull_2020_2021,308.16,521.21,-26.34,2.46,2.61,38.67,75,0,74,60.38
2_EMA_Cross_21_55,trade_low_b1,bull_2020_2021,308.16,521.21,-26.34,2.46,2.61,38.67,75,0,74,60.38
2_EMA_Cross_21_55,entry_low_b0.5,bull_2020_2021,49.65,521.21,-45.94,0.92,1.49,24.36,156,107,48,59.4
2_EMA_Cross_21_55,entry_low_b1,bull_2020_2021,112.55,521.21,-39.28,1.44,1.74,27.42,124,68,55,59.78
2_EMA_Cross_21_55,pivot_b0.5,bull_2020_2021,181.73,521.21,-32.43,1.87,2.02,34.04,94,27,66,60.14
2_EMA_Cross_21_55,pivot_b1,bull_2020_2021,219.61,521.21,-31.63,2.07,2.18,36.47,85,19,65,60.24
2_EMA_Cross_21_55,break_low3,bull_2020_2021,76.71,521.21,-46.94,1.16,1.61,23.13,147,93,53,59.51
2_EMA_Cross_21_55,break_low5,bull_2020_2021,120.7,521.21,-34.86,1.5,1.77,27.93,111,55,55,59.89
2_EMA_Cross_21_55,break_low8,bull_2020_2021,185.34,521.21,-31.63,1.89,2.04,31.91,94,34,59,60.09
6_BB_Squeeze_Break,sin_SL,bull_2020_2021,-5.99,521.21,-40.31,0.0,1.22,36.72,128,0,0,20.31
6_BB_Squeeze_Break,fix_low3_b0.5,bull_2020_2021,-17.84,521.21,-46.48,-0.34,1.1,36.43,129,14,115,20.29
6_BB_Squeeze_Break,fix_low5_b0.5,bull_2020_2021,-16.11,521.21,-46.31,-0.29,1.12,36.43,129,10,119,20.29
6_BB_Squeeze_Break,fix_low5_b1,bull_2020_2021,-13.54,521.21,-45.11,-0.21,1.14,36.43,129,3,126,20.29
6_BB_Squeeze_Break,fix_low8_b0.5,bull_2020_2021,-15.13,521.21,-45.71,-0.26,1.13,36.43,129,6,123,20.29
6_BB_Squeeze_Break,fix_low10_b0.5,bull_2020_2021,-13.45,521.21,-44.64,-0.21,1.14,36.43,129,4,125,20.29
6_BB_Squeeze_Break,fix_low20_b0.5,bull_2020_2021,-13.45,521.21,-44.64,-0.21,1.14,36.43,129,4,125,20.29
6_BB_Squeeze_Break,fix_low50_b0.5,bull_2020_2021,-12.43,521.21,-43.99,-0.18,1.15,36.43,129,3,126,20.29
6_BB_Squeeze_Break,trail_low3_b0.5,bull_2020_2021,-5.99,521.21,-40.31,0.0,1.22,36.72,128,0,128,20.31
6_BB_Squeeze_Break,trail_low5_b0.5,bull_2020_2021,-5.99,521.21,-40.31,0.0,1.22,36.72,128,0,128,20.31
6_BB_Squeeze_Break,trail_low8_b0.5,bull_2020_2021,-5.99,521.21,-40.31,0.0,1.22,36.72,128,0,128,20.31
6_BB_Squeeze_Break,trail_low10_b0.5,bull_2020_2021,-5.99,521.21,-40.31,0.0,1.22,36.72,128,0,128,20.31
6_BB_Squeeze_Break,trail_low20_b0.5,bull_2020_2021,-6.03,521.21,-40.31,0.0,1.21,36.72,128,1,127,20.31
6_BB_Squeeze_Break,trade_low_b0.5,bull_2020_2021,-5.99,521.21,-40.31,0.0,1.22,36.72,128,0,128,20.31
6_BB_Squeeze_Break,trade_low_b1,bull_2020_2021,-5.99,521.21,-40.31,0.0,1.22,36.72,128,0,128,20.31
6_BB_Squeeze_Break,entry_low_b0.5,bull_2020_2021,-32.61,521.21,-52.6,-0.84,0.97,33.81,139,48,91,20.18
6_BB_Squeeze_Break,entry_low_b1,bull_2020_2021,-21.22,521.21,-47.87,-0.44,1.07,36.15,130,22,108,20.27
6_BB_Squeeze_Break,pivot_b0.5,bull_2020_2021,-16.91,521.21,-46.43,-0.31,1.11,36.43,129,10,119,20.29
6_BB_Squeeze_Break,pivot_b1,bull_2020_2021,-13.54,521.21,-45.11,-0.21,1.14,36.43,129,3,126,20.29
6_BB_Squeeze_Break,break_low3,bull_2020_2021,-24.39,521.21,-50.22,-0.55,1.04,35.61,132,31,101,20.25
6_BB_Squeeze_Break,break_low5,bull_2020_2021,-22.2,521.21,-48.83,-0.48,1.06,36.15,130,24,106,20.28
6_BB_Squeeze_Break,break_low8,bull_2020_2021,-18.89,521.21,-47.1,-0.37,1.09,36.43,129,16,113,20.29
10_Supertrend_Bull,sin_SL,bull_2020_2021,106.51,521.21,-38.81,1.48,1.72,50.0,108,0,0,52.54
10_Supertrend_Bull,fix_low3_b0.5,bull_2020_2021,23.24,521.21,-54.35,0.62,1.31,41.54,130,44,87,52.28
10_Supertrend_Bull,fix_low5_b0.5,bull_2020_2021,35.7,521.21,-49.82,0.77,1.37,43.9,123,32,92,52.38
10_Supertrend_Bull,fix_low5_b1,bull_2020_2021,50.86,521.21,-47.23,0.95,1.44,46.55,116,20,97,52.46
10_Supertrend_Bull,fix_low8_b0.5,bull_2020_2021,57.79,521.21,-45.41,1.02,1.47,46.96,115,20,96,52.47
10_Supertrend_Bull,fix_low10_b0.5,bull_2020_2021,67.63,521.21,-43.32,1.13,1.52,46.49,114,16,99,52.48
10_Supertrend_Bull,fix_low20_b0.5,bull_2020_2021,82.11,521.21,-39.47,1.27,1.59,47.75,111,9,103,52.51
10_Supertrend_Bull,fix_low50_b0.5,bull_2020_2021,85.21,521.21,-39.29,1.29,1.6,48.18,110,6,105,52.52
10_Supertrend_Bull,trail_low3_b0.5,bull_2020_2021,106.51,521.21,-38.81,1.48,1.72,50.0,108,0,109,52.54
10_Supertrend_Bull,trail_low5_b0.5,bull_2020_2021,106.51,521.21,-38.81,1.48,1.72,50.0,108,0,109,52.54
10_Supertrend_Bull,trail_low8_b0.5,bull_2020_2021,106.51,521.21,-38.81,1.48,1.72,50.0,108,0,109,52.54
10_Supertrend_Bull,trail_low10_b0.5,bull_2020_2021,106.51,521.21,-38.81,1.48,1.72,50.0,108,0,109,52.54
10_Supertrend_Bull,trail_low20_b0.5,bull_2020_2021,106.41,521.21,-38.81,1.48,1.72,50.0,108,1,108,52.54
10_Supertrend_Bull,trade_low_b0.5,bull_2020_2021,106.51,521.21,-38.81,1.48,1.72,50.0,108,0,109,52.54
10_Supertrend_Bull,trade_low_b1,bull_2020_2021,106.51,521.21,-38.81,1.48,1.72,50.0,108,0,109,52.54
10_Supertrend_Bull,entry_low_b0.5,bull_2020_2021,-22.45,521.21,-65.3,-0.12,1.11,31.07,177,105,73,51.76
10_Supertrend_Bull,entry_low_b1,bull_2020_2021,10.5,521.21,-55.63,0.44,1.25,38.03,142,63,80,52.13
10_Supertrend_Bull,pivot_b0.5,bull_2020_2021,41.09,521.21,-48.23,0.84,1.39,44.63,121,29,93,52.4
10_Supertrend_Bull,pivot_b1,bull_2020_2021,50.5,521.21,-46.87,0.94,1.43,46.55,116,19,98,52.45
10_Supertrend_Bull,break_low3,bull_2020_2021,-0.02,521.21,-59.87,0.28,1.21,35.06,154,79,76,52.03
10_Supertrend_Bull,break_low5,bull_2020_2021,12.33,521.21,-55.58,0.47,1.26,38.85,139,59,81,52.18
10_Supertrend_Bull,break_low8,bull_2020_2021,41.43,521.21,-49.05,0.84,1.4,44.26,122,33,90,52.37
