strategy,stop_config,avg_return,avg_dd,avg_sharpe,avg_pf,total_trades,total_stop_exits,composite
10_Supertrend_Bull,trail_low8_b0.5,1384.26,-32.86,2.5,2.67,313,0,416.15
10_Supertrend_Bull,trade_low_b1,1384.26,-32.86,2.5,2.67,313,0,416.15
10_Supertrend_Bull,trail_low3_b0.5,1384.26,-32.86,2.5,2.67,313,0,416.15
10_Supertrend_Bull,trail_low5_b0.5,1384.26,-32.86,2.5,2.67,313,0,416.15
10_Supertrend_Bull,trade_low_b0.5,1384.26,-32.86,2.5,2.67,313,0,416.15
10_Supertrend_Bull,trail_low10_b0.5,1384.26,-32.86,2.5,2.67,313,0,416.15
10_Supertrend_Bull,sin_SL,1384.26,-32.86,2.5,2.67,313,0,416.15
10_Supertrend_Bull,trail_low20_b0.5,1371.42,-32.86,2.49,2.67,314,2,412.28
2_EMA_Cross_21_55,trail_low20_b0.5,1057.66,-29.52,2.72,3.16,206,1,319.98
2_EMA_Cross_21_55,trail_low10_b0.5,1054.17,-29.52,2.7,3.14,205,0,318.87
2_EMA_Cross_21_55,trade_low_b1,1054.17,-29.52,2.7,3.14,205,0,318.87
2_EMA_Cross_21_55,trade_low_b0.5,1054.17,-29.52,2.7,3.14,205,0,318.87
2_EMA_Cross_21_55,trail_low8_b0.5,1054.17,-29.52,2.7,3.14,205,0,318.87
2_EMA_Cross_21_55,trail_low3_b0.5,1054.17,-29.52,2.7,3.14,205,0,318.87
2_EMA_Cross_21_55,trail_low5_b0.5,1054.17,-29.52,2.7,3.14,205,0,318.87
2_EMA_Cross_21_55,sin_SL,1054.17,-29.52,2.7,3.14,205,0,318.87
1_EMA_Cross_12_26,trail_low20_b0.5,978.56,-33.84,2.53,2.48,440,1,294.18
1_EMA_Cross_12_26,trail_low10_b0.5,975.53,-33.84,2.51,2.48,440,0,293.23
1_EMA_Cross_12_26,trail_low5_b0.5,975.53,-33.84,2.51,2.48,440,0,293.23
1_EMA_Cross_12_26,trail_low3_b0.5,975.53,-33.84,2.51,2.48,440,0,293.23
1_EMA_Cross_12_26,trade_low_b0.5,975.53,-33.84,2.51,2.48,440,0,293.23
1_EMA_Cross_12_26,trade_low_b1,975.53,-33.84,2.51,2.48,440,0,293.23
1_EMA_Cross_12_26,sin_SL,975.53,-33.84,2.51,2.48,440,0,293.23
1_EMA_Cross_12_26,trail_low8_b0.5,975.53,-33.84,2.51,2.48,440,0,293.23
10_Supertrend_Bull,fix_low50_b0.5,616.14,-39.77,1.91,2.05,320,23,181.86
10_Supertrend_Bull,fix_low20_b0.5,596.5,-39.86,1.88,2.03,321,28,175.86
2_EMA_Cross_21_55,fix_low50_b0.5,564.58,-40.5,2.28,2.52,210,15,167.6
10_Supertrend_Bull,fix_low10_b0.5,568.56,-41.78,1.8,1.98,324,40,166.71
10_Supertrend_Bull,fix_low8_b0.5,551.78,-42.83,1.74,1.94,326,46,161.2
10_Supertrend_Bull,fix_low5_b1,546.64,-43.74,1.7,1.92,327,41,159.31
2_EMA_Cross_21_55,fix_low10_b0.5,527.43,-37.16,2.2,2.42,218,38,157.0
10_Supertrend_Bull,pivot_b1,530.56,-43.56,1.68,1.9,329,42,154.45
2_EMA_Cross_21_55,pivot_b1,499.3,-41.0,2.11,2.31,228,49,147.25
2_EMA_Cross_21_55,fix_low20_b0.5,496.96,-41.21,2.2,2.42,211,22,146.85
2_EMA_Cross_21_55,fix_low8_b0.5,488.02,-37.74,2.09,2.29,226,50,144.62
2_EMA_Cross_21_55,fix_low5_b1,487.8,-39.02,2.1,2.29,227,50,144.26
10_Supertrend_Bull,fix_low5_b0.5,496.46,-45.04,1.58,1.84,339,69,143.51
10_Supertrend_Bull,pivot_b0.5,488.16,-44.24,1.6,1.84,338,64,141.3
10_Supertrend_Bull,break_low8,475.22,-44.71,1.58,1.86,348,92,137.25
10_Supertrend_Bull,fix_low3_b0.5,394.82,-48.24,1.4,1.72,356,95,111.64
2_EMA_Cross_21_55,break_low8,368.84,-42.71,1.89,2.12,270,115,106.92
2_EMA_Cross_21_55,pivot_b0.5,370.92,-46.12,1.88,2.09,247,72,106.63
2_EMA_Cross_21_55,fix_low5_b0.5,321.88,-45.18,1.78,2.0,250,86,91.79
10_Supertrend_Bull,break_low5,303.99,-49.81,1.23,1.64,395,160,83.42
6_BB_Squeeze_Break,trade_low_b0.5,283.46,-29.29,1.38,2.24,330,0,83.21
6_BB_Squeeze_Break,trail_low8_b0.5,283.46,-29.29,1.38,2.24,330,0,83.21
6_BB_Squeeze_Break,trail_low10_b0.5,283.46,-29.29,1.38,2.24,330,0,83.21
6_BB_Squeeze_Break,trail_low3_b0.5,283.46,-29.29,1.38,2.24,330,0,83.21
6_BB_Squeeze_Break,trail_low5_b0.5,283.46,-29.29,1.38,2.24,330,0,83.21
6_BB_Squeeze_Break,trade_low_b1,283.46,-29.29,1.38,2.24,330,0,83.21
6_BB_Squeeze_Break,sin_SL,283.46,-29.29,1.38,2.24,330,0,83.21
6_BB_Squeeze_Break,trail_low20_b0.5,283.44,-29.29,1.38,2.23,330,1,83.2
10_Supertrend_Bull,entry_low_b1,284.65,-49.18,1.19,1.58,386,141,77.62
2_EMA_Cross_21_55,fix_low3_b0.5,245.04,-50.42,1.54,1.84,277,119,66.61
2_EMA_Cross_21_55,entry_low_b1,223.12,-52.72,1.48,1.81,299,140,59.28
2_EMA_Cross_21_55,break_low5,212.73,-51.2,1.48,1.82,319,174,56.55
10_Supertrend_Bull,break_low3,171.52,-52.42,0.94,1.5,460,243,42.05
10_Supertrend_Bull,entry_low_b0.5,157.84,-55.61,0.74,1.42,461,236,36.5
2_EMA_Cross_21_55,entry_low_b0.5,131.84,-56.64,1.09,1.6,371,229,29.62
2_EMA_Cross_21_55,break_low3,127.76,-58.41,1.16,1.65,393,255,28.19
1_EMA_Cross_12_26,fix_low50_b0.5,43.5,-69.77,1.33,1.72,447,24,0.63
1_EMA_Cross_12_26,fix_low20_b0.5,40.1,-70.1,1.3,1.69,447,33,-0.6
1_EMA_Cross_12_26,fix_low10_b0.5,35.45,-70.35,1.27,1.67,447,36,-2.14
1_EMA_Cross_12_26,fix_low8_b0.5,32.94,-70.35,1.25,1.66,447,39,-2.95
1_EMA_Cross_12_26,break_low8,18.01,-71.99,1.1,1.58,465,94,-8.33
1_EMA_Cross_12_26,fix_low5_b1,11.52,-73.78,1.11,1.6,449,44,-10.7
1_EMA_Cross_12_26,pivot_b1,10.96,-73.9,1.1,1.6,450,42,-10.93
1_EMA_Cross_12_26,pivot_b0.5,5.64,-74.4,1.04,1.56,456,66,-12.84
1_EMA_Cross_12_26,fix_low5_b0.5,3.24,-74.5,1.03,1.54,456,73,-13.64
1_EMA_Cross_12_26,fix_low3_b0.5,-3.84,-74.8,0.9,1.48,469,114,-16.25
1_EMA_Cross_12_26,break_low5,-10.14,-75.71,0.79,1.43,513,190,-18.74
1_EMA_Cross_12_26,entry_low_b1,-34.46,-78.52,0.57,1.36,518,168,-27.44
1_EMA_Cross_12_26,break_low3,-43.82,-81.34,0.36,1.29,602,323,-31.61
6_BB_Squeeze_Break,fix_low50_b0.5,-56.44,-72.16,0.14,1.33,332,9,-33.74
6_BB_Squeeze_Break,fix_low20_b0.5,-56.94,-72.47,0.11,1.31,332,11,-34.08
6_BB_Squeeze_Break,fix_low10_b0.5,-56.94,-72.47,0.1,1.3,332,12,-34.1
6_BB_Squeeze_Break,pivot_b1,-56.98,-72.7,0.1,1.3,332,12,-34.19
6_BB_Squeeze_Break,fix_low5_b1,-56.98,-72.7,0.1,1.3,332,12,-34.19
6_BB_Squeeze_Break,fix_low8_b0.5,-57.78,-73.0,0.07,1.29,332,15,-34.58
6_BB_Squeeze_Break,fix_low5_b0.5,-58.26,-73.31,0.05,1.28,333,23,-34.89
6_BB_Squeeze_Break,pivot_b0.5,-58.66,-73.36,0.04,1.27,333,22,-35.05
6_BB_Squeeze_Break,fix_low3_b0.5,-59.1,-73.38,-0.01,1.24,334,35,-35.36
1_EMA_Cross_12_26,entry_low_b0.5,-53.32,-83.71,0.22,1.25,607,297,-35.53
6_BB_Squeeze_Break,break_low8,-59.63,-73.7,-0.01,1.24,334,41,-35.61
6_BB_Squeeze_Break,entry_low_b1,-60.76,-74.05,-0.12,1.18,341,54,-36.39
6_BB_Squeeze_Break,break_low5,-61.26,-74.54,-0.1,1.2,338,61,-36.61
6_BB_Squeeze_Break,break_low3,-62.34,-75.22,-0.19,1.16,350,94,-37.37
6_BB_Squeeze_Break,entry_low_b0.5,-66.44,-76.4,-0.36,1.1,360,99,-39.45
